<application>
  <component name="IlluminatedCloudSettings">
    <option name="connectionConfigs">
      <list>
        <IlluminatedCloudConnectionConfig>
          <option name="connectionName" value="developSalesforce" />
          <option name="connectionType" value="OAUTH" />
          <option name="ensureFieldReadAccess" value="false" />
          <option name="loginUrl" value="" />
          <option name="organizationType" value="OAUTH" />
          <option name="username" value="jinsun.hwang@develop.com" />
        </IlluminatedCloudConnectionConfig>
        <IlluminatedCloudConnectionConfig>
          <option name="connectionName" value="jinsun" />
          <option name="connectionType" value="MDAPI" />
          <option name="username" value="jinsun.hwang@fujitsu.com" />
        </IlluminatedCloudConnectionConfig>
        <IlluminatedCloudConnectionConfig>
          <option name="connectionName" value="jinsun.hwang@lge.com.fsdev" />
          <option name="connectionType" value="OAUTH" />
          <option name="ensureFieldReadAccess" value="false" />
          <option name="loginUrl" value="" />
          <option name="organizationType" value="OAUTH" />
          <option name="username" value="jinsun.hwang@lge.com.fsdev" />
        </IlluminatedCloudConnectionConfig>
        <IlluminatedCloudConnectionConfig>
          <option name="connectionName" value="lgcnsDev" />
          <option name="connectionType" value="OAUTH" />
          <option name="ensureFieldReadAccess" value="false" />
          <option name="loginUrl" value="" />
          <option name="organizationType" value="OAUTH" />
          <option name="username" value="jinsun.hwang@lge.com.dev" />
        </IlluminatedCloudConnectionConfig>
        <IlluminatedCloudConnectionConfig>
          <option name="connectionName" value="lgcnsfs" />
          <option name="connectionType" value="OAUTH" />
          <option name="ensureFieldReadAccess" value="false" />
          <option name="loginUrl" value="" />
          <option name="organizationType" value="OAUTH" />
          <option name="username" value="jinsun.hwang@lge.com.fs" />
        </IlluminatedCloudConnectionConfig>
        <IlluminatedCloudConnectionConfig>
          <option name="connectionName" value="lgcnsPartial" />
          <option name="connectionType" value="OAUTH" />
          <option name="ensureFieldReadAccess" value="false" />
          <option name="loginUrl" value="" />
          <option name="organizationType" value="OAUTH" />
          <option name="username" value="jinsun.hwang@lge.com.pd.patial" />
        </IlluminatedCloudConnectionConfig>
        <IlluminatedCloudConnectionConfig>
          <option name="connectionName" value="LWC Specialist" />
          <option name="connectionType" value="MDAPI" />
          <option name="username" value="jinsun.hwang@empathetic-raccoon-24cpms.com" />
        </IlluminatedCloudConnectionConfig>
        <IlluminatedCloudConnectionConfig>
          <option name="connectionName" value="LWC Trail1" />
          <option name="connectionType" value="MDAPI" />
          <option name="username" value="jinsun.hwang@wise-panda-qdxq82.com" />
        </IlluminatedCloudConnectionConfig>
        <IlluminatedCloudConnectionConfig>
          <option name="connectionName" value="storeTobe" />
          <option name="connectionType" value="MDAPI" />
          <option name="username" value="fujitsustore@fujitsu.store.test" />
        </IlluminatedCloudConnectionConfig>
        <IlluminatedCloudConnectionConfig>
          <option name="connectionName" value="windsor" />
          <option name="connectionType" value="MDAPI" />
          <option name="loginUrl" value="https://test.salesforce.com/" />
          <option name="organizationType" value="SANDBOX" />
          <option name="username" value="fujitsuadmin@fujitsu.com.windsor.dev2" />
        </IlluminatedCloudConnectionConfig>
      </list>
    </option>
    <option name="deployOnSave" value="false" />
    <option name="lastChangeNotesVersion" value="2.2.5.8" />
    <option name="selectedConnectionIndex" value="5" />
    <option name="selectedTabIndex" value="3" />
    <option name="sfdxExecutablePath" value="C:\Program Files\sf\bin/sfdx.cmd" />
    <option name="sfdxLogCommands" value="true" />
    <option name="sfdxPreferredProjectTemplateName" value="RECOMMENDED" />
    <option name="showMetaXmlFiles" value="true" />
  </component>
</application>